<?xml version="1.0" encoding="UTF-8"?>
<vivadoHLSLog:LogRoot xmlns:vivadoHLSLog="www.xilinx.com/vivadoHLSLog">
  <errorLogs>
    <logs>
      <synLog/>
      <simLog/>
      <mgLog/>
      <packageLog/>
      <csimLog/>
    </logs>
  </errorLogs>
  <warningLogs>
    <logs>
      <synLog>
        <logs message="WARNING: [XFORM 203-1103] Ignored data pack directive on non-struct variable 'in_data.data.V' (mult_constant.cpp:5)." projectName="Mult_constant" solutionName="solution1" date="2021-03-11T17:12:43.870+0100" type="Warning"/>
        <logs message="WARNING: [XFORM 203-1103] Ignored data pack directive on non-struct variable 'out_data.data.V' (mult_constant.cpp:5)." projectName="Mult_constant" solutionName="solution1" date="2021-03-11T17:12:43.683+0100" type="Warning"/>
      </synLog>
      <simLog/>
      <mgLog/>
      <packageLog/>
      <csimLog/>
    </logs>
  </warningLogs>
</vivadoHLSLog:LogRoot>
