<profile>

<section name = "Vivado HLS Report for 'mult_constant'" level="0">
<item name = "Date">Thu Mar 11 17:12:44 2021
</item>
<item name = "Version">2018.3 (Build 2405991 on Thu Dec 06 23:56:15 MST 2018)</item>
<item name = "Project">Mult_constant</item>
<item name = "Solution">solution1</item>
<item name = "Product family">zynq</item>
<item name = "Target device">xc7z020clg400-1</item>
</section>

<section name = "Performance Estimates" level="0">
<item name = "Timing (ns)">
<section name = "" level="1">
<item name = "Summary"><table name="" hasTotal="0">
<keys size="4">Clock, Target, Estimated, Uncertainty</keys>
<column name="ap_clk">10.00, 8.510, 1.25</column>
</table>
</item>
</section>
</item>
<item name = "Latency (clock cycles)">
<section name = "" level="1">
<item name = "Summary"><table name="" hasTotal="0">
<keys size="6">, min, max, min, max, Type</keys>
<column name="">3, 3, 3, 3, none</column>
</table>
</item>
<item name = "Detail">
<section name = "" level="1">
<item name = "Instance"><table name="" hasTotal="0">
<keys size="7">Instance, Module, min, max, min, max, Type</keys>
</table>
</item>
<item name = "Loop"><table name="" hasTotal="0">
<keys size="8">Loop Name, min, max, Latency, achieved, target, Count, Pipelined</keys>
</table>
</item>
</section>
</item>
</section>
</item>
</section>

<section name = "Utilization Estimates" level="0">
<item name = "Summary"><table name="" hasTotal="1">
<keys size="5">Name, BRAM_18K, DSP48E, FF, LUT</keys>
<column name="DSP">-, -, -, -</column>
<column name="Expression">-, 3, 0, 190</column>
<column name="FIFO">-, -, -, -</column>
<column name="Instance">0, -, 68, 104</column>
<column name="Memory">-, -, -, -</column>
<column name="Multiplexer">-, -, -, 381</column>
<column name="Register">-, -, 344, -</column>
<specialColumn name="Available">280, 220, 106400, 53200</specialColumn>
<specialColumn name="Utilization (%)">0, 1, ~0, 1</specialColumn>
</table>
</item>
<item name = "Detail">
<section name = "" level="1">
<item name = "Instance"><table name="" hasTotal="1">
<keys size="6">Instance, Module, BRAM_18K, DSP48E, FF, LUT</keys>
<column name="mult_constant_AXILiteS_s_axi_U">mult_constant_AXILiteS_s_axi, 0, 0, 68, 104</column>
</table>
</item>
<item name = "DSP48"><table name="" hasTotal="0">
<keys size="3">Instance, Module, Expression</keys>
</table>
</item>
<item name = "Memory"><table name="" hasTotal="1">
<keys size="9">Memory, Module, BRAM_18K, FF, LUT, Words, Bits, Banks, W*Bits*Banks</keys>
</table>
</item>
<item name = "FIFO"><table name="" hasTotal="1">
<keys size="7">Name, BRAM_18K, FF, LUT, Depth, Bits, Size:D*B</keys>
</table>
</item>
<item name = "Expression"><table name="" hasTotal="1">
<keys size="7">Variable Name, Operation, DSP48E, FF, LUT, Bitwidth P0, Bitwidth P1</keys>
<column name="out_data_data_V_tmp_fu_135_p2">*, 3, 0, 20, 32, 32</column>
<column name="in_data_data_V_0_load_A">and, 0, 0, 2, 1, 1</column>
<column name="in_data_data_V_0_load_B">and, 0, 0, 2, 1, 1</column>
<column name="in_data_dest_V_0_load_A">and, 0, 0, 2, 1, 1</column>
<column name="in_data_dest_V_0_load_B">and, 0, 0, 2, 1, 1</column>
<column name="in_data_id_V_0_load_A">and, 0, 0, 2, 1, 1</column>
<column name="in_data_id_V_0_load_B">and, 0, 0, 2, 1, 1</column>
<column name="in_data_keep_V_0_load_A">and, 0, 0, 2, 1, 1</column>
<column name="in_data_keep_V_0_load_B">and, 0, 0, 2, 1, 1</column>
<column name="in_data_last_V_0_load_A">and, 0, 0, 2, 1, 1</column>
<column name="in_data_last_V_0_load_B">and, 0, 0, 2, 1, 1</column>
<column name="in_data_strb_V_0_load_A">and, 0, 0, 2, 1, 1</column>
<column name="in_data_strb_V_0_load_B">and, 0, 0, 2, 1, 1</column>
<column name="in_data_user_V_0_load_A">and, 0, 0, 2, 1, 1</column>
<column name="in_data_user_V_0_load_B">and, 0, 0, 2, 1, 1</column>
<column name="out_data_data_V_1_load_A">and, 0, 0, 2, 1, 1</column>
<column name="out_data_data_V_1_load_B">and, 0, 0, 2, 1, 1</column>
<column name="out_data_dest_V_1_load_A">and, 0, 0, 2, 1, 1</column>
<column name="out_data_dest_V_1_load_B">and, 0, 0, 2, 1, 1</column>
<column name="out_data_id_V_1_load_A">and, 0, 0, 2, 1, 1</column>
<column name="out_data_id_V_1_load_B">and, 0, 0, 2, 1, 1</column>
<column name="out_data_keep_V_1_load_A">and, 0, 0, 2, 1, 1</column>
<column name="out_data_keep_V_1_load_B">and, 0, 0, 2, 1, 1</column>
<column name="out_data_last_V_1_load_A">and, 0, 0, 2, 1, 1</column>
<column name="out_data_last_V_1_load_B">and, 0, 0, 2, 1, 1</column>
<column name="out_data_strb_V_1_load_A">and, 0, 0, 2, 1, 1</column>
<column name="out_data_strb_V_1_load_B">and, 0, 0, 2, 1, 1</column>
<column name="out_data_user_V_1_load_A">and, 0, 0, 2, 1, 1</column>
<column name="out_data_user_V_1_load_B">and, 0, 0, 2, 1, 1</column>
<column name="in_data_data_V_0_state_cmp_full">icmp, 0, 0, 8, 2, 1</column>
<column name="in_data_dest_V_0_state_cmp_full">icmp, 0, 0, 8, 2, 1</column>
<column name="in_data_id_V_0_state_cmp_full">icmp, 0, 0, 8, 2, 1</column>
<column name="in_data_keep_V_0_state_cmp_full">icmp, 0, 0, 8, 2, 1</column>
<column name="in_data_last_V_0_state_cmp_full">icmp, 0, 0, 8, 2, 1</column>
<column name="in_data_strb_V_0_state_cmp_full">icmp, 0, 0, 8, 2, 1</column>
<column name="in_data_user_V_0_state_cmp_full">icmp, 0, 0, 8, 2, 1</column>
<column name="out_data_data_V_1_state_cmp_full">icmp, 0, 0, 8, 2, 1</column>
<column name="out_data_dest_V_1_state_cmp_full">icmp, 0, 0, 8, 2, 1</column>
<column name="out_data_id_V_1_state_cmp_full">icmp, 0, 0, 8, 2, 1</column>
<column name="out_data_keep_V_1_state_cmp_full">icmp, 0, 0, 8, 2, 1</column>
<column name="out_data_last_V_1_state_cmp_full">icmp, 0, 0, 8, 2, 1</column>
<column name="out_data_strb_V_1_state_cmp_full">icmp, 0, 0, 8, 2, 1</column>
<column name="out_data_user_V_1_state_cmp_full">icmp, 0, 0, 8, 2, 1</column>
<column name="ap_block_state4">or, 0, 0, 2, 1, 1</column>
</table>
</item>
<item name = "Multiplexer"><table name="" hasTotal="1">
<keys size="5">Name, LUT, Input Size, Bits, Total Bits</keys>
<column name="ap_NS_fsm">27, 5, 1, 5</column>
<column name="in_data_TDATA_blk_n">9, 2, 1, 2</column>
<column name="in_data_data_V_0_data_out">9, 2, 32, 64</column>
<column name="in_data_data_V_0_state">15, 3, 2, 6</column>
<column name="in_data_dest_V_0_data_out">9, 2, 1, 2</column>
<column name="in_data_dest_V_0_state">15, 3, 2, 6</column>
<column name="in_data_id_V_0_data_out">9, 2, 1, 2</column>
<column name="in_data_id_V_0_state">15, 3, 2, 6</column>
<column name="in_data_keep_V_0_data_out">9, 2, 4, 8</column>
<column name="in_data_keep_V_0_state">15, 3, 2, 6</column>
<column name="in_data_last_V_0_data_out">9, 2, 1, 2</column>
<column name="in_data_last_V_0_state">15, 3, 2, 6</column>
<column name="in_data_strb_V_0_data_out">9, 2, 4, 8</column>
<column name="in_data_strb_V_0_state">15, 3, 2, 6</column>
<column name="in_data_user_V_0_data_out">9, 2, 1, 2</column>
<column name="in_data_user_V_0_state">15, 3, 2, 6</column>
<column name="out_data_TDATA_blk_n">9, 2, 1, 2</column>
<column name="out_data_data_V_1_data_out">9, 2, 32, 64</column>
<column name="out_data_data_V_1_state">15, 3, 2, 6</column>
<column name="out_data_dest_V_1_data_out">9, 2, 1, 2</column>
<column name="out_data_dest_V_1_state">15, 3, 2, 6</column>
<column name="out_data_id_V_1_data_out">9, 2, 1, 2</column>
<column name="out_data_id_V_1_state">15, 3, 2, 6</column>
<column name="out_data_keep_V_1_data_out">9, 2, 4, 8</column>
<column name="out_data_keep_V_1_state">15, 3, 2, 6</column>
<column name="out_data_last_V_1_data_out">9, 2, 1, 2</column>
<column name="out_data_last_V_1_state">15, 3, 2, 6</column>
<column name="out_data_strb_V_1_data_out">9, 2, 4, 8</column>
<column name="out_data_strb_V_1_state">15, 3, 2, 6</column>
<column name="out_data_user_V_1_data_out">9, 2, 1, 2</column>
<column name="out_data_user_V_1_state">15, 3, 2, 6</column>
</table>
</item>
<item name = "Register"><table name="" hasTotal="1">
<keys size="5">Name, FF, LUT, Bits, Const Bits</keys>
<column name="ap_CS_fsm">4, 0, 4, 0</column>
<column name="constant_V_0_data_reg">32, 0, 32, 0</column>
<column name="constant_V_0_vld_reg">0, 0, 1, 1</column>
<column name="constant_V_read_reg_175">32, 0, 32, 0</column>
<column name="in_data_data_V_0_payload_A">32, 0, 32, 0</column>
<column name="in_data_data_V_0_payload_B">32, 0, 32, 0</column>
<column name="in_data_data_V_0_sel_rd">1, 0, 1, 0</column>
<column name="in_data_data_V_0_sel_wr">1, 0, 1, 0</column>
<column name="in_data_data_V_0_state">2, 0, 2, 0</column>
<column name="in_data_data_V_tmp_reg_140">32, 0, 32, 0</column>
<column name="in_data_dest_V_0_payload_A">1, 0, 1, 0</column>
<column name="in_data_dest_V_0_payload_B">1, 0, 1, 0</column>
<column name="in_data_dest_V_0_sel_rd">1, 0, 1, 0</column>
<column name="in_data_dest_V_0_sel_wr">1, 0, 1, 0</column>
<column name="in_data_dest_V_0_state">2, 0, 2, 0</column>
<column name="in_data_dest_V_tmp_reg_170">1, 0, 1, 0</column>
<column name="in_data_id_V_0_payload_A">1, 0, 1, 0</column>
<column name="in_data_id_V_0_payload_B">1, 0, 1, 0</column>
<column name="in_data_id_V_0_sel_rd">1, 0, 1, 0</column>
<column name="in_data_id_V_0_sel_wr">1, 0, 1, 0</column>
<column name="in_data_id_V_0_state">2, 0, 2, 0</column>
<column name="in_data_id_V_tmp_reg_165">1, 0, 1, 0</column>
<column name="in_data_keep_V_0_payload_A">4, 0, 4, 0</column>
<column name="in_data_keep_V_0_payload_B">4, 0, 4, 0</column>
<column name="in_data_keep_V_0_sel_rd">1, 0, 1, 0</column>
<column name="in_data_keep_V_0_sel_wr">1, 0, 1, 0</column>
<column name="in_data_keep_V_0_state">2, 0, 2, 0</column>
<column name="in_data_keep_V_tmp_reg_145">4, 0, 4, 0</column>
<column name="in_data_last_V_0_payload_A">1, 0, 1, 0</column>
<column name="in_data_last_V_0_payload_B">1, 0, 1, 0</column>
<column name="in_data_last_V_0_sel_rd">1, 0, 1, 0</column>
<column name="in_data_last_V_0_sel_wr">1, 0, 1, 0</column>
<column name="in_data_last_V_0_state">2, 0, 2, 0</column>
<column name="in_data_last_V_tmp_reg_160">1, 0, 1, 0</column>
<column name="in_data_strb_V_0_payload_A">4, 0, 4, 0</column>
<column name="in_data_strb_V_0_payload_B">4, 0, 4, 0</column>
<column name="in_data_strb_V_0_sel_rd">1, 0, 1, 0</column>
<column name="in_data_strb_V_0_sel_wr">1, 0, 1, 0</column>
<column name="in_data_strb_V_0_state">2, 0, 2, 0</column>
<column name="in_data_strb_V_tmp_reg_150">4, 0, 4, 0</column>
<column name="in_data_user_V_0_payload_A">1, 0, 1, 0</column>
<column name="in_data_user_V_0_payload_B">1, 0, 1, 0</column>
<column name="in_data_user_V_0_sel_rd">1, 0, 1, 0</column>
<column name="in_data_user_V_0_sel_wr">1, 0, 1, 0</column>
<column name="in_data_user_V_0_state">2, 0, 2, 0</column>
<column name="in_data_user_V_tmp_reg_155">1, 0, 1, 0</column>
<column name="out_data_data_V_1_payload_A">32, 0, 32, 0</column>
<column name="out_data_data_V_1_payload_B">32, 0, 32, 0</column>
<column name="out_data_data_V_1_sel_rd">1, 0, 1, 0</column>
<column name="out_data_data_V_1_sel_wr">1, 0, 1, 0</column>
<column name="out_data_data_V_1_state">2, 0, 2, 0</column>
<column name="out_data_dest_V_1_payload_A">1, 0, 1, 0</column>
<column name="out_data_dest_V_1_payload_B">1, 0, 1, 0</column>
<column name="out_data_dest_V_1_sel_rd">1, 0, 1, 0</column>
<column name="out_data_dest_V_1_sel_wr">1, 0, 1, 0</column>
<column name="out_data_dest_V_1_state">2, 0, 2, 0</column>
<column name="out_data_id_V_1_payload_A">1, 0, 1, 0</column>
<column name="out_data_id_V_1_payload_B">1, 0, 1, 0</column>
<column name="out_data_id_V_1_sel_rd">1, 0, 1, 0</column>
<column name="out_data_id_V_1_sel_wr">1, 0, 1, 0</column>
<column name="out_data_id_V_1_state">2, 0, 2, 0</column>
<column name="out_data_keep_V_1_payload_A">4, 0, 4, 0</column>
<column name="out_data_keep_V_1_payload_B">4, 0, 4, 0</column>
<column name="out_data_keep_V_1_sel_rd">1, 0, 1, 0</column>
<column name="out_data_keep_V_1_sel_wr">1, 0, 1, 0</column>
<column name="out_data_keep_V_1_state">2, 0, 2, 0</column>
<column name="out_data_last_V_1_payload_A">1, 0, 1, 0</column>
<column name="out_data_last_V_1_payload_B">1, 0, 1, 0</column>
<column name="out_data_last_V_1_sel_rd">1, 0, 1, 0</column>
<column name="out_data_last_V_1_sel_wr">1, 0, 1, 0</column>
<column name="out_data_last_V_1_state">2, 0, 2, 0</column>
<column name="out_data_strb_V_1_payload_A">4, 0, 4, 0</column>
<column name="out_data_strb_V_1_payload_B">4, 0, 4, 0</column>
<column name="out_data_strb_V_1_sel_rd">1, 0, 1, 0</column>
<column name="out_data_strb_V_1_sel_wr">1, 0, 1, 0</column>
<column name="out_data_strb_V_1_state">2, 0, 2, 0</column>
<column name="out_data_user_V_1_payload_A">1, 0, 1, 0</column>
<column name="out_data_user_V_1_payload_B">1, 0, 1, 0</column>
<column name="out_data_user_V_1_sel_rd">1, 0, 1, 0</column>
<column name="out_data_user_V_1_sel_wr">1, 0, 1, 0</column>
<column name="out_data_user_V_1_state">2, 0, 2, 0</column>
</table>
</item>
</section>
</item>
</section>

<section name = "Interface" level="0">
<item name = "Summary"><table name="" hasTotal="0">
<keys size="6">RTL Ports, Dir, Bits, Protocol, Source Object, C Type</keys>
<column name="s_axi_AXILiteS_AWVALID">in, 1, s_axi, AXILiteS, scalar</column>
<column name="s_axi_AXILiteS_AWREADY">out, 1, s_axi, AXILiteS, scalar</column>
<column name="s_axi_AXILiteS_AWADDR">in, 5, s_axi, AXILiteS, scalar</column>
<column name="s_axi_AXILiteS_WVALID">in, 1, s_axi, AXILiteS, scalar</column>
<column name="s_axi_AXILiteS_WREADY">out, 1, s_axi, AXILiteS, scalar</column>
<column name="s_axi_AXILiteS_WDATA">in, 32, s_axi, AXILiteS, scalar</column>
<column name="s_axi_AXILiteS_WSTRB">in, 4, s_axi, AXILiteS, scalar</column>
<column name="s_axi_AXILiteS_ARVALID">in, 1, s_axi, AXILiteS, scalar</column>
<column name="s_axi_AXILiteS_ARREADY">out, 1, s_axi, AXILiteS, scalar</column>
<column name="s_axi_AXILiteS_ARADDR">in, 5, s_axi, AXILiteS, scalar</column>
<column name="s_axi_AXILiteS_RVALID">out, 1, s_axi, AXILiteS, scalar</column>
<column name="s_axi_AXILiteS_RREADY">in, 1, s_axi, AXILiteS, scalar</column>
<column name="s_axi_AXILiteS_RDATA">out, 32, s_axi, AXILiteS, scalar</column>
<column name="s_axi_AXILiteS_RRESP">out, 2, s_axi, AXILiteS, scalar</column>
<column name="s_axi_AXILiteS_BVALID">out, 1, s_axi, AXILiteS, scalar</column>
<column name="s_axi_AXILiteS_BREADY">in, 1, s_axi, AXILiteS, scalar</column>
<column name="s_axi_AXILiteS_BRESP">out, 2, s_axi, AXILiteS, scalar</column>
<column name="ap_clk">in, 1, ap_ctrl_none, mult_constant, return value</column>
<column name="ap_rst_n">in, 1, ap_ctrl_none, mult_constant, return value</column>
<column name="in_data_TDATA">in, 32, axis, in_data_data_V, pointer</column>
<column name="in_data_TVALID">in, 1, axis, in_data_dest_V, pointer</column>
<column name="in_data_TREADY">out, 1, axis, in_data_dest_V, pointer</column>
<column name="in_data_TDEST">in, 1, axis, in_data_dest_V, pointer</column>
<column name="in_data_TKEEP">in, 4, axis, in_data_keep_V, pointer</column>
<column name="in_data_TSTRB">in, 4, axis, in_data_strb_V, pointer</column>
<column name="in_data_TUSER">in, 1, axis, in_data_user_V, pointer</column>
<column name="in_data_TLAST">in, 1, axis, in_data_last_V, pointer</column>
<column name="in_data_TID">in, 1, axis, in_data_id_V, pointer</column>
<column name="out_data_TDATA">out, 32, axis, out_data_data_V, pointer</column>
<column name="out_data_TREADY">in, 1, axis, out_data_data_V, pointer</column>
<column name="out_data_TVALID">out, 1, axis, out_data_dest_V, pointer</column>
<column name="out_data_TDEST">out, 1, axis, out_data_dest_V, pointer</column>
<column name="out_data_TKEEP">out, 4, axis, out_data_keep_V, pointer</column>
<column name="out_data_TSTRB">out, 4, axis, out_data_strb_V, pointer</column>
<column name="out_data_TUSER">out, 1, axis, out_data_user_V, pointer</column>
<column name="out_data_TLAST">out, 1, axis, out_data_last_V, pointer</column>
<column name="out_data_TID">out, 1, axis, out_data_id_V, pointer</column>
</table>
</item>
</section>
</profile>
