<annotationInfo>
<annotationInfo>
<item  id="18" filename="Calcola/calcola.cpp" linenumber="9" name="tmp_1" contextFuncName="calcola" moduleName="calcola" rtlName="tmp_1_fu_81_p2" latency="0" BRAM="-1" DSP="-1" FF="0" LUT="11" fileDirectory="E:\VivadoHLS\Calcola"><\/item>
<item  id="21" filename="Calcola/calcola.cpp" linenumber="13" name="tmp_3" contextFuncName="calcola" moduleName="calcola" rtlName="tmp_3_fu_87_p2" latency="0" BRAM="-1" DSP="-1" FF="0" LUT="11" fileDirectory="E:\VivadoHLS\Calcola"><\/item>
<item  id="24" filename="Calcola/calcola.cpp" linenumber="17" name="tmp_5" contextFuncName="calcola" moduleName="calcola" rtlName="tmp_5_fu_93_p2" latency="0" BRAM="-1" DSP="-1" FF="0" LUT="11" fileDirectory="E:\VivadoHLS\Calcola"><\/item>
<item  id="27" filename="Calcola/calcola.cpp" linenumber="21" name="tmp_7" contextFuncName="calcola" moduleName="calcola" rtlName="tmp_7_fu_99_p2" latency="0" BRAM="-1" DSP="-1" FF="0" LUT="11" fileDirectory="E:\VivadoHLS\Calcola"><\/item>
<item  id="28" filename="Calcola/calcola.cpp" linenumber="23" name="tmp_8" contextFuncName="calcola" moduleName="calcola" rtlName="tmp_8_fu_105_p2" latency="0" BRAM="-1" DSP="-1" FF="0" LUT="18" fileDirectory="E:\VivadoHLS\Calcola"><\/item>
<item  id="29" filename="Calcola/calcola.cpp" linenumber="23" name="or_cond" contextFuncName="calcola" moduleName="calcola" rtlName="or_cond_fu_111_p2" latency="0" BRAM="-1" DSP="-1" FF="0" LUT="2" fileDirectory="E:\VivadoHLS\Calcola"><\/item>
<item  id="32" filename="Calcola/calcola.cpp" linenumber="25" name="tmp_9" contextFuncName="calcola" moduleName="calcola" rtlName="calcola_sdiv_32s_bkb_U1" latency="35" BRAM="-1" DSP="-1" FF="-1" LUT="-1" fileDirectory="E:\VivadoHLS\Calcola"><\/item>
<item  id="35" filename="Calcola/calcola.cpp" linenumber="19" name="tmp_6" contextFuncName="calcola" moduleName="calcola" rtlName="tmp_6_fu_136_p2" latency="0" BRAM="-1" DSP="3" FF="0" LUT="20" fileDirectory="E:\VivadoHLS\Calcola"><\/item>
<item  id="38" filename="Calcola/calcola.cpp" linenumber="15" name="tmp_4" contextFuncName="calcola" moduleName="calcola" rtlName="tmp_4_fu_124_p2" latency="0" BRAM="-1" DSP="-1" FF="0" LUT="39" fileDirectory="E:\VivadoHLS\Calcola"><\/item>
<item  id="41" filename="Calcola/calcola.cpp" linenumber="11" name="tmp_2" contextFuncName="calcola" moduleName="calcola" rtlName="tmp_2_fu_130_p2" latency="0" BRAM="-1" DSP="-1" FF="0" LUT="39" fileDirectory="E:\VivadoHLS\Calcola"><\/item>
<\/annotationInfo>
</annotationInfo>
