<stg><name>calcola</name>


<trans_list>

<trans id="108" from="1" to="37">
<condition id="-1">
<or_exp><and_exp><literal name="tmp_1" val="0"/>
<literal name="tmp_3" val="0"/>
<literal name="tmp_5" val="1"/>
</and_exp></or_exp>
</condition>
</trans>

<trans id="109" from="1" to="2">
<condition id="-1">
<or_exp><and_exp><literal name="tmp_1" val="0"/>
<literal name="tmp_3" val="0"/>
<literal name="tmp_5" val="0"/>
<literal name="or_cond" val="1"/>
</and_exp></or_exp>
</condition>
</trans>

<trans id="110" from="1" to="36">
<condition id="-1">
<or_exp><and_exp><literal name="tmp_5" val="0"/>
<literal name="or_cond" val="0"/>
</and_exp><and_exp><literal name="tmp_3" val="1"/>
</and_exp><and_exp><literal name="tmp_1" val="1"/>
</and_exp></or_exp>
</condition>
</trans>

<trans id="112" from="2" to="3">
<condition id="-1">
<or_exp><and_exp></and_exp></or_exp>
</condition>
</trans>

<trans id="113" from="3" to="4">
<condition id="-1">
<or_exp><and_exp></and_exp></or_exp>
</condition>
</trans>

<trans id="114" from="4" to="5">
<condition id="-1">
<or_exp><and_exp></and_exp></or_exp>
</condition>
</trans>

<trans id="115" from="5" to="6">
<condition id="-1">
<or_exp><and_exp></and_exp></or_exp>
</condition>
</trans>

<trans id="116" from="6" to="7">
<condition id="-1">
<or_exp><and_exp></and_exp></or_exp>
</condition>
</trans>

<trans id="117" from="7" to="8">
<condition id="-1">
<or_exp><and_exp></and_exp></or_exp>
</condition>
</trans>

<trans id="118" from="8" to="9">
<condition id="-1">
<or_exp><and_exp></and_exp></or_exp>
</condition>
</trans>

<trans id="119" from="9" to="10">
<condition id="-1">
<or_exp><and_exp></and_exp></or_exp>
</condition>
</trans>

<trans id="120" from="10" to="11">
<condition id="-1">
<or_exp><and_exp></and_exp></or_exp>
</condition>
</trans>

<trans id="121" from="11" to="12">
<condition id="-1">
<or_exp><and_exp></and_exp></or_exp>
</condition>
</trans>

<trans id="122" from="12" to="13">
<condition id="-1">
<or_exp><and_exp></and_exp></or_exp>
</condition>
</trans>

<trans id="123" from="13" to="14">
<condition id="-1">
<or_exp><and_exp></and_exp></or_exp>
</condition>
</trans>

<trans id="124" from="14" to="15">
<condition id="-1">
<or_exp><and_exp></and_exp></or_exp>
</condition>
</trans>

<trans id="125" from="15" to="16">
<condition id="-1">
<or_exp><and_exp></and_exp></or_exp>
</condition>
</trans>

<trans id="126" from="16" to="17">
<condition id="-1">
<or_exp><and_exp></and_exp></or_exp>
</condition>
</trans>

<trans id="127" from="17" to="18">
<condition id="-1">
<or_exp><and_exp></and_exp></or_exp>
</condition>
</trans>

<trans id="128" from="18" to="19">
<condition id="-1">
<or_exp><and_exp></and_exp></or_exp>
</condition>
</trans>

<trans id="129" from="19" to="20">
<condition id="-1">
<or_exp><and_exp></and_exp></or_exp>
</condition>
</trans>

<trans id="130" from="20" to="21">
<condition id="-1">
<or_exp><and_exp></and_exp></or_exp>
</condition>
</trans>

<trans id="131" from="21" to="22">
<condition id="-1">
<or_exp><and_exp></and_exp></or_exp>
</condition>
</trans>

<trans id="132" from="22" to="23">
<condition id="-1">
<or_exp><and_exp></and_exp></or_exp>
</condition>
</trans>

<trans id="133" from="23" to="24">
<condition id="-1">
<or_exp><and_exp></and_exp></or_exp>
</condition>
</trans>

<trans id="134" from="24" to="25">
<condition id="-1">
<or_exp><and_exp></and_exp></or_exp>
</condition>
</trans>

<trans id="135" from="25" to="26">
<condition id="-1">
<or_exp><and_exp></and_exp></or_exp>
</condition>
</trans>

<trans id="136" from="26" to="27">
<condition id="-1">
<or_exp><and_exp></and_exp></or_exp>
</condition>
</trans>

<trans id="137" from="27" to="28">
<condition id="-1">
<or_exp><and_exp></and_exp></or_exp>
</condition>
</trans>

<trans id="138" from="28" to="29">
<condition id="-1">
<or_exp><and_exp></and_exp></or_exp>
</condition>
</trans>

<trans id="139" from="29" to="30">
<condition id="-1">
<or_exp><and_exp></and_exp></or_exp>
</condition>
</trans>

<trans id="140" from="30" to="31">
<condition id="-1">
<or_exp><and_exp></and_exp></or_exp>
</condition>
</trans>

<trans id="141" from="31" to="32">
<condition id="-1">
<or_exp><and_exp></and_exp></or_exp>
</condition>
</trans>

<trans id="142" from="32" to="33">
<condition id="-1">
<or_exp><and_exp></and_exp></or_exp>
</condition>
</trans>

<trans id="143" from="33" to="34">
<condition id="-1">
<or_exp><and_exp></and_exp></or_exp>
</condition>
</trans>

<trans id="144" from="34" to="35">
<condition id="-1">
<or_exp><and_exp></and_exp></or_exp>
</condition>
</trans>

<trans id="145" from="35" to="36">
<condition id="-1">
<or_exp><and_exp></and_exp></or_exp>
</condition>
</trans>

<trans id="146" from="37" to="38">
<condition id="-1">
<or_exp><and_exp></and_exp></or_exp>
</condition>
</trans>

<trans id="147" from="38" to="36">
<condition id="-1">
<or_exp><and_exp></and_exp></or_exp>
</condition>
</trans>
</trans_list>



<state_list>

<state id="1" st_id="1">

<operation id="39" st_id="1" stage="1" lat="1">
<core>NULL</core>
<MemPortIdVec></MemPortIdVec>
<condition id="-1">
<or_exp><and_exp></and_exp></or_exp>
</condition>

<Node id="5" bw="0" op_0_bw="0" op_1_bw="32">
<![CDATA[
:0  call void (...)* @_ssdm_op_SpecBitsMap(i32 %a) nounwind, !map !7

]]></Node>
<StgValue><ssdm name=""/></StgValue>
</operation>

<operation id="40" st_id="1" stage="1" lat="1">
<core>NULL</core>
<MemPortIdVec></MemPortIdVec>
<condition id="-1">
<or_exp><and_exp></and_exp></or_exp>
</condition>

<Node id="6" bw="0" op_0_bw="0" op_1_bw="32">
<![CDATA[
:1  call void (...)* @_ssdm_op_SpecBitsMap(i32 %b) nounwind, !map !13

]]></Node>
<StgValue><ssdm name=""/></StgValue>
</operation>

<operation id="41" st_id="1" stage="1" lat="1">
<core>NULL</core>
<MemPortIdVec></MemPortIdVec>
<condition id="-1">
<or_exp><and_exp></and_exp></or_exp>
</condition>

<Node id="7" bw="0" op_0_bw="0" op_1_bw="8">
<![CDATA[
:2  call void (...)* @_ssdm_op_SpecBitsMap(i8 %o) nounwind, !map !17

]]></Node>
<StgValue><ssdm name=""/></StgValue>
</operation>

<operation id="42" st_id="1" stage="1" lat="1">
<core>NULL</core>
<MemPortIdVec></MemPortIdVec>
<condition id="-1">
<or_exp><and_exp></and_exp></or_exp>
</condition>

<Node id="8" bw="0" op_0_bw="0" op_1_bw="32">
<![CDATA[
:3  call void (...)* @_ssdm_op_SpecBitsMap(i32* %c) nounwind, !map !21

]]></Node>
<StgValue><ssdm name=""/></StgValue>
</operation>

<operation id="43" st_id="1" stage="1" lat="1">
<core>NULL</core>
<MemPortIdVec></MemPortIdVec>
<condition id="-1">
<or_exp><and_exp></and_exp></or_exp>
</condition>

<Node id="9" bw="0" op_0_bw="0" op_1_bw="0">
<![CDATA[
:4  call void (...)* @_ssdm_op_SpecTopModule([8 x i8]* @calcola_str) nounwind

]]></Node>
<StgValue><ssdm name=""/></StgValue>
</operation>

<operation id="44" st_id="1" stage="1" lat="1">
<core>s_axilite</core>
<MemPortIdVec></MemPortIdVec>
<condition id="-1">
<or_exp><and_exp></and_exp></or_exp>
</condition>

<Node id="10" bw="8" op_0_bw="8" op_1_bw="8">
<![CDATA[
:5  %o_read = call i8 @_ssdm_op_Read.s_axilite.i8(i8 %o) nounwind

]]></Node>
<StgValue><ssdm name="o_read"/></StgValue>
</operation>

<operation id="45" st_id="1" stage="1" lat="1">
<core>s_axilite</core>
<MemPortIdVec></MemPortIdVec>
<condition id="-1">
<or_exp><and_exp></and_exp></or_exp>
</condition>

<Node id="11" bw="32" op_0_bw="32" op_1_bw="32">
<![CDATA[
:6  %b_read = call i32 @_ssdm_op_Read.s_axilite.i32(i32 %b) nounwind

]]></Node>
<StgValue><ssdm name="b_read"/></StgValue>
</operation>

<operation id="46" st_id="1" stage="1" lat="1">
<core>s_axilite</core>
<MemPortIdVec></MemPortIdVec>
<condition id="-1">
<or_exp><and_exp></and_exp></or_exp>
</condition>

<Node id="12" bw="32" op_0_bw="32" op_1_bw="32">
<![CDATA[
:7  %a_read = call i32 @_ssdm_op_Read.s_axilite.i32(i32 %a) nounwind

]]></Node>
<StgValue><ssdm name="a_read"/></StgValue>
</operation>

<operation id="47" st_id="1" stage="1" lat="1">
<core>NULL</core>
<MemPortIdVec></MemPortIdVec>
<condition id="-1">
<or_exp><and_exp></and_exp></or_exp>
</condition>

<Node id="13" bw="0" op_0_bw="0" op_1_bw="32" op_2_bw="0" op_3_bw="32" op_4_bw="32" op_5_bw="0" op_6_bw="32" op_7_bw="32" op_8_bw="0" op_9_bw="0" op_10_bw="0" op_11_bw="32" op_12_bw="32" op_13_bw="32" op_14_bw="32" op_15_bw="0" op_16_bw="0">
<![CDATA[
:8  call void (...)* @_ssdm_op_SpecInterface(i32 0, [13 x i8]* @p_str, i32 0, i32 0, [1 x i8]* @p_str1, i32 0, i32 0, [1 x i8]* @p_str1, [1 x i8]* @p_str1, [1 x i8]* @p_str1, i32 0, i32 0, i32 0, i32 0, [1 x i8]* @p_str1, [1 x i8]* @p_str1) nounwind

]]></Node>
<StgValue><ssdm name=""/></StgValue>
</operation>

<operation id="48" st_id="1" stage="1" lat="1">
<core>NULL</core>
<MemPortIdVec></MemPortIdVec>
<condition id="-1">
<or_exp><and_exp></and_exp></or_exp>
</condition>

<Node id="14" bw="0" op_0_bw="0" op_1_bw="32" op_2_bw="0" op_3_bw="32" op_4_bw="32" op_5_bw="0" op_6_bw="32" op_7_bw="32" op_8_bw="0" op_9_bw="0" op_10_bw="0" op_11_bw="32" op_12_bw="32" op_13_bw="32" op_14_bw="32" op_15_bw="0" op_16_bw="0">
<![CDATA[
:9  call void (...)* @_ssdm_op_SpecInterface(i32 %a, [10 x i8]* @p_str2, i32 0, i32 0, [1 x i8]* @p_str1, i32 0, i32 0, [1 x i8]* @p_str1, [1 x i8]* @p_str1, [1 x i8]* @p_str1, i32 0, i32 0, i32 0, i32 0, [1 x i8]* @p_str1, [1 x i8]* @p_str1) nounwind

]]></Node>
<StgValue><ssdm name=""/></StgValue>
</operation>

<operation id="49" st_id="1" stage="1" lat="1">
<core>NULL</core>
<MemPortIdVec></MemPortIdVec>
<condition id="-1">
<or_exp><and_exp></and_exp></or_exp>
</condition>

<Node id="15" bw="0" op_0_bw="0" op_1_bw="32" op_2_bw="0" op_3_bw="32" op_4_bw="32" op_5_bw="0" op_6_bw="32" op_7_bw="32" op_8_bw="0" op_9_bw="0" op_10_bw="0" op_11_bw="32" op_12_bw="32" op_13_bw="32" op_14_bw="32" op_15_bw="0" op_16_bw="0">
<![CDATA[
:10  call void (...)* @_ssdm_op_SpecInterface(i32 %b, [10 x i8]* @p_str2, i32 0, i32 0, [1 x i8]* @p_str1, i32 0, i32 0, [1 x i8]* @p_str1, [1 x i8]* @p_str1, [1 x i8]* @p_str1, i32 0, i32 0, i32 0, i32 0, [1 x i8]* @p_str1, [1 x i8]* @p_str1) nounwind

]]></Node>
<StgValue><ssdm name=""/></StgValue>
</operation>

<operation id="50" st_id="1" stage="1" lat="1">
<core>NULL</core>
<MemPortIdVec></MemPortIdVec>
<condition id="-1">
<or_exp><and_exp></and_exp></or_exp>
</condition>

<Node id="16" bw="0" op_0_bw="0" op_1_bw="8" op_2_bw="0" op_3_bw="32" op_4_bw="32" op_5_bw="0" op_6_bw="32" op_7_bw="32" op_8_bw="0" op_9_bw="0" op_10_bw="0" op_11_bw="32" op_12_bw="32" op_13_bw="32" op_14_bw="32" op_15_bw="0" op_16_bw="0">
<![CDATA[
:11  call void (...)* @_ssdm_op_SpecInterface(i8 %o, [10 x i8]* @p_str2, i32 0, i32 0, [1 x i8]* @p_str1, i32 0, i32 0, [1 x i8]* @p_str1, [1 x i8]* @p_str1, [1 x i8]* @p_str1, i32 0, i32 0, i32 0, i32 0, [1 x i8]* @p_str1, [1 x i8]* @p_str1) nounwind

]]></Node>
<StgValue><ssdm name=""/></StgValue>
</operation>

<operation id="51" st_id="1" stage="1" lat="1">
<core>NULL</core>
<MemPortIdVec></MemPortIdVec>
<condition id="-1">
<or_exp><and_exp></and_exp></or_exp>
</condition>

<Node id="17" bw="0" op_0_bw="0" op_1_bw="32" op_2_bw="0" op_3_bw="32" op_4_bw="32" op_5_bw="0" op_6_bw="32" op_7_bw="32" op_8_bw="0" op_9_bw="0" op_10_bw="0" op_11_bw="32" op_12_bw="32" op_13_bw="32" op_14_bw="32" op_15_bw="0" op_16_bw="0">
<![CDATA[
:12  call void (...)* @_ssdm_op_SpecInterface(i32* %c, [10 x i8]* @p_str2, i32 0, i32 0, [1 x i8]* @p_str1, i32 0, i32 0, [1 x i8]* @p_str1, [1 x i8]* @p_str1, [1 x i8]* @p_str1, i32 0, i32 0, i32 0, i32 0, [1 x i8]* @p_str1, [1 x i8]* @p_str1) nounwind

]]></Node>
<StgValue><ssdm name=""/></StgValue>
</operation>

<operation id="52" st_id="1" stage="1" lat="1">
<core>Cmp</core>
<MemPortIdVec></MemPortIdVec>
<condition id="-1">
<or_exp><and_exp></and_exp></or_exp>
</condition>

<Node id="18" bw="1" op_0_bw="8" op_1_bw="8">
<![CDATA[
:13  %tmp_1 = icmp eq i8 %o_read, 43

]]></Node>
<StgValue><ssdm name="tmp_1"/></StgValue>
</operation>

<operation id="53" st_id="1" stage="1" lat="1">
<core>NULL</core>
<MemPortIdVec></MemPortIdVec>
<condition id="-1">
<or_exp><and_exp></and_exp></or_exp>
</condition>

<Node id="19" bw="0" op_0_bw="1" op_1_bw="0" op_2_bw="0">
<![CDATA[
:14  br i1 %tmp_1, label %1, label %2

]]></Node>
<StgValue><ssdm name=""/></StgValue>
</operation>

<operation id="54" st_id="1" stage="1" lat="1">
<core>Cmp</core>
<MemPortIdVec></MemPortIdVec>
<condition id="-1">
<or_exp><and_exp><literal name="tmp_1" val="0"/>
</and_exp></or_exp>
</condition>

<Node id="21" bw="1" op_0_bw="8" op_1_bw="8">
<![CDATA[
:0  %tmp_3 = icmp eq i8 %o_read, 45

]]></Node>
<StgValue><ssdm name="tmp_3"/></StgValue>
</operation>

<operation id="55" st_id="1" stage="1" lat="1">
<core>NULL</core>
<MemPortIdVec></MemPortIdVec>
<condition id="-1">
<or_exp><and_exp><literal name="tmp_1" val="0"/>
</and_exp></or_exp>
</condition>

<Node id="22" bw="0" op_0_bw="1" op_1_bw="0" op_2_bw="0">
<![CDATA[
:1  br i1 %tmp_3, label %3, label %4

]]></Node>
<StgValue><ssdm name=""/></StgValue>
</operation>

<operation id="56" st_id="1" stage="1" lat="1">
<core>Cmp</core>
<MemPortIdVec></MemPortIdVec>
<condition id="-1">
<or_exp><and_exp><literal name="tmp_1" val="0"/>
<literal name="tmp_3" val="0"/>
</and_exp></or_exp>
</condition>

<Node id="24" bw="1" op_0_bw="8" op_1_bw="8">
<![CDATA[
:0  %tmp_5 = icmp eq i8 %o_read, 42

]]></Node>
<StgValue><ssdm name="tmp_5"/></StgValue>
</operation>

<operation id="57" st_id="1" stage="1" lat="1">
<core>NULL</core>
<MemPortIdVec></MemPortIdVec>
<condition id="-1">
<or_exp><and_exp><literal name="tmp_1" val="0"/>
<literal name="tmp_3" val="0"/>
</and_exp></or_exp>
</condition>

<Node id="25" bw="0" op_0_bw="1" op_1_bw="0" op_2_bw="0">
<![CDATA[
:1  br i1 %tmp_5, label %5, label %6

]]></Node>
<StgValue><ssdm name=""/></StgValue>
</operation>

<operation id="58" st_id="1" stage="1" lat="1">
<core>Cmp</core>
<MemPortIdVec></MemPortIdVec>
<condition id="-1">
<or_exp><and_exp><literal name="tmp_1" val="0"/>
<literal name="tmp_3" val="0"/>
<literal name="tmp_5" val="0"/>
</and_exp></or_exp>
</condition>

<Node id="27" bw="1" op_0_bw="8" op_1_bw="8">
<![CDATA[
:0  %tmp_7 = icmp eq i8 %o_read, 47

]]></Node>
<StgValue><ssdm name="tmp_7"/></StgValue>
</operation>

<operation id="59" st_id="1" stage="1" lat="1">
<core>Cmp</core>
<MemPortIdVec></MemPortIdVec>
<condition id="-1">
<or_exp><and_exp><literal name="tmp_1" val="0"/>
<literal name="tmp_3" val="0"/>
<literal name="tmp_5" val="0"/>
</and_exp></or_exp>
</condition>

<Node id="28" bw="1" op_0_bw="32" op_1_bw="32">
<![CDATA[
:1  %tmp_8 = icmp sgt i32 %b_read, 0

]]></Node>
<StgValue><ssdm name="tmp_8"/></StgValue>
</operation>

<operation id="60" st_id="1" stage="1" lat="1">
<core>LogicGate</core>
<MemPortIdVec></MemPortIdVec>
<condition id="-1">
<or_exp><and_exp><literal name="tmp_1" val="0"/>
<literal name="tmp_3" val="0"/>
<literal name="tmp_5" val="0"/>
</and_exp></or_exp>
</condition>

<Node id="29" bw="1" op_0_bw="1" op_1_bw="1">
<![CDATA[
:2  %or_cond = and i1 %tmp_7, %tmp_8

]]></Node>
<StgValue><ssdm name="or_cond"/></StgValue>
</operation>

<operation id="61" st_id="1" stage="1" lat="1">
<core>NULL</core>
<MemPortIdVec></MemPortIdVec>
<condition id="-1">
<or_exp><and_exp><literal name="tmp_1" val="0"/>
<literal name="tmp_3" val="0"/>
<literal name="tmp_5" val="0"/>
</and_exp></or_exp>
</condition>

<Node id="30" bw="0" op_0_bw="1" op_1_bw="0" op_2_bw="0">
<![CDATA[
:3  br i1 %or_cond, label %7, label %._crit_edge

]]></Node>
<StgValue><ssdm name=""/></StgValue>
</operation>

<operation id="62" st_id="1" stage="36" lat="36">
<core>DivnS_SEQ</core>
<MemPortIdVec></MemPortIdVec>
<condition id="-1">
<or_exp><and_exp><literal name="tmp_1" val="0"/>
<literal name="tmp_3" val="0"/>
<literal name="tmp_5" val="0"/>
<literal name="or_cond" val="1"/>
</and_exp></or_exp>
</condition>

<Node id="32" bw="32" op_0_bw="32" op_1_bw="32">
<![CDATA[
:0  %tmp_9 = sdiv i32 %a_read, %b_read

]]></Node>
<StgValue><ssdm name="tmp_9"/></StgValue>
</operation>

<operation id="63" st_id="1" stage="1" lat="1">
<core>AddSub</core>
<MemPortIdVec></MemPortIdVec>
<condition id="-1">
<or_exp><and_exp><literal name="tmp_1" val="0"/>
<literal name="tmp_3" val="1"/>
</and_exp></or_exp>
</condition>

<Node id="38" bw="32" op_0_bw="32" op_1_bw="32">
<![CDATA[
:0  %tmp_4 = sub nsw i32 %a_read, %b_read

]]></Node>
<StgValue><ssdm name="tmp_4"/></StgValue>
</operation>

<operation id="64" st_id="1" stage="1" lat="1">
<core>NULL</core>
<MemPortIdVec></MemPortIdVec>
<condition id="-1">
<or_exp><and_exp><literal name="tmp_1" val="0"/>
<literal name="tmp_3" val="1"/>
</and_exp></or_exp>
</condition>

<Node id="39" bw="0" op_0_bw="0">
<![CDATA[
:1  br label %._crit_edge

]]></Node>
<StgValue><ssdm name=""/></StgValue>
</operation>

<operation id="65" st_id="1" stage="1" lat="1">
<core>AddSub</core>
<MemPortIdVec></MemPortIdVec>
<condition id="-1">
<or_exp><and_exp><literal name="tmp_1" val="1"/>
</and_exp></or_exp>
</condition>

<Node id="41" bw="32" op_0_bw="32" op_1_bw="32">
<![CDATA[
:0  %tmp_2 = add nsw i32 %b_read, %a_read

]]></Node>
<StgValue><ssdm name="tmp_2"/></StgValue>
</operation>

<operation id="66" st_id="1" stage="1" lat="1">
<core>NULL</core>
<MemPortIdVec></MemPortIdVec>
<condition id="-1">
<or_exp><and_exp><literal name="tmp_1" val="1"/>
</and_exp></or_exp>
</condition>

<Node id="42" bw="0" op_0_bw="0">
<![CDATA[
:1  br label %._crit_edge

]]></Node>
<StgValue><ssdm name=""/></StgValue>
</operation>
</state>

<state id="2" st_id="2">

<operation id="67" st_id="2" stage="35" lat="36">
<core>DivnS_SEQ</core>
<MemPortIdVec></MemPortIdVec>
<condition id="-1">
<or_exp><and_exp></and_exp></or_exp>
</condition>

<Node id="32" bw="32" op_0_bw="32" op_1_bw="32">
<![CDATA[
:0  %tmp_9 = sdiv i32 %a_read, %b_read

]]></Node>
<StgValue><ssdm name="tmp_9"/></StgValue>
</operation>
</state>

<state id="3" st_id="3">

<operation id="68" st_id="3" stage="34" lat="36">
<core>DivnS_SEQ</core>
<MemPortIdVec></MemPortIdVec>
<condition id="-1">
<or_exp><and_exp></and_exp></or_exp>
</condition>

<Node id="32" bw="32" op_0_bw="32" op_1_bw="32">
<![CDATA[
:0  %tmp_9 = sdiv i32 %a_read, %b_read

]]></Node>
<StgValue><ssdm name="tmp_9"/></StgValue>
</operation>
</state>

<state id="4" st_id="4">

<operation id="69" st_id="4" stage="33" lat="36">
<core>DivnS_SEQ</core>
<MemPortIdVec></MemPortIdVec>
<condition id="-1">
<or_exp><and_exp></and_exp></or_exp>
</condition>

<Node id="32" bw="32" op_0_bw="32" op_1_bw="32">
<![CDATA[
:0  %tmp_9 = sdiv i32 %a_read, %b_read

]]></Node>
<StgValue><ssdm name="tmp_9"/></StgValue>
</operation>
</state>

<state id="5" st_id="5">

<operation id="70" st_id="5" stage="32" lat="36">
<core>DivnS_SEQ</core>
<MemPortIdVec></MemPortIdVec>
<condition id="-1">
<or_exp><and_exp></and_exp></or_exp>
</condition>

<Node id="32" bw="32" op_0_bw="32" op_1_bw="32">
<![CDATA[
:0  %tmp_9 = sdiv i32 %a_read, %b_read

]]></Node>
<StgValue><ssdm name="tmp_9"/></StgValue>
</operation>
</state>

<state id="6" st_id="6">

<operation id="71" st_id="6" stage="31" lat="36">
<core>DivnS_SEQ</core>
<MemPortIdVec></MemPortIdVec>
<condition id="-1">
<or_exp><and_exp></and_exp></or_exp>
</condition>

<Node id="32" bw="32" op_0_bw="32" op_1_bw="32">
<![CDATA[
:0  %tmp_9 = sdiv i32 %a_read, %b_read

]]></Node>
<StgValue><ssdm name="tmp_9"/></StgValue>
</operation>
</state>

<state id="7" st_id="7">

<operation id="72" st_id="7" stage="30" lat="36">
<core>DivnS_SEQ</core>
<MemPortIdVec></MemPortIdVec>
<condition id="-1">
<or_exp><and_exp></and_exp></or_exp>
</condition>

<Node id="32" bw="32" op_0_bw="32" op_1_bw="32">
<![CDATA[
:0  %tmp_9 = sdiv i32 %a_read, %b_read

]]></Node>
<StgValue><ssdm name="tmp_9"/></StgValue>
</operation>
</state>

<state id="8" st_id="8">

<operation id="73" st_id="8" stage="29" lat="36">
<core>DivnS_SEQ</core>
<MemPortIdVec></MemPortIdVec>
<condition id="-1">
<or_exp><and_exp></and_exp></or_exp>
</condition>

<Node id="32" bw="32" op_0_bw="32" op_1_bw="32">
<![CDATA[
:0  %tmp_9 = sdiv i32 %a_read, %b_read

]]></Node>
<StgValue><ssdm name="tmp_9"/></StgValue>
</operation>
</state>

<state id="9" st_id="9">

<operation id="74" st_id="9" stage="28" lat="36">
<core>DivnS_SEQ</core>
<MemPortIdVec></MemPortIdVec>
<condition id="-1">
<or_exp><and_exp></and_exp></or_exp>
</condition>

<Node id="32" bw="32" op_0_bw="32" op_1_bw="32">
<![CDATA[
:0  %tmp_9 = sdiv i32 %a_read, %b_read

]]></Node>
<StgValue><ssdm name="tmp_9"/></StgValue>
</operation>
</state>

<state id="10" st_id="10">

<operation id="75" st_id="10" stage="27" lat="36">
<core>DivnS_SEQ</core>
<MemPortIdVec></MemPortIdVec>
<condition id="-1">
<or_exp><and_exp></and_exp></or_exp>
</condition>

<Node id="32" bw="32" op_0_bw="32" op_1_bw="32">
<![CDATA[
:0  %tmp_9 = sdiv i32 %a_read, %b_read

]]></Node>
<StgValue><ssdm name="tmp_9"/></StgValue>
</operation>
</state>

<state id="11" st_id="11">

<operation id="76" st_id="11" stage="26" lat="36">
<core>DivnS_SEQ</core>
<MemPortIdVec></MemPortIdVec>
<condition id="-1">
<or_exp><and_exp></and_exp></or_exp>
</condition>

<Node id="32" bw="32" op_0_bw="32" op_1_bw="32">
<![CDATA[
:0  %tmp_9 = sdiv i32 %a_read, %b_read

]]></Node>
<StgValue><ssdm name="tmp_9"/></StgValue>
</operation>
</state>

<state id="12" st_id="12">

<operation id="77" st_id="12" stage="25" lat="36">
<core>DivnS_SEQ</core>
<MemPortIdVec></MemPortIdVec>
<condition id="-1">
<or_exp><and_exp></and_exp></or_exp>
</condition>

<Node id="32" bw="32" op_0_bw="32" op_1_bw="32">
<![CDATA[
:0  %tmp_9 = sdiv i32 %a_read, %b_read

]]></Node>
<StgValue><ssdm name="tmp_9"/></StgValue>
</operation>
</state>

<state id="13" st_id="13">

<operation id="78" st_id="13" stage="24" lat="36">
<core>DivnS_SEQ</core>
<MemPortIdVec></MemPortIdVec>
<condition id="-1">
<or_exp><and_exp></and_exp></or_exp>
</condition>

<Node id="32" bw="32" op_0_bw="32" op_1_bw="32">
<![CDATA[
:0  %tmp_9 = sdiv i32 %a_read, %b_read

]]></Node>
<StgValue><ssdm name="tmp_9"/></StgValue>
</operation>
</state>

<state id="14" st_id="14">

<operation id="79" st_id="14" stage="23" lat="36">
<core>DivnS_SEQ</core>
<MemPortIdVec></MemPortIdVec>
<condition id="-1">
<or_exp><and_exp></and_exp></or_exp>
</condition>

<Node id="32" bw="32" op_0_bw="32" op_1_bw="32">
<![CDATA[
:0  %tmp_9 = sdiv i32 %a_read, %b_read

]]></Node>
<StgValue><ssdm name="tmp_9"/></StgValue>
</operation>
</state>

<state id="15" st_id="15">

<operation id="80" st_id="15" stage="22" lat="36">
<core>DivnS_SEQ</core>
<MemPortIdVec></MemPortIdVec>
<condition id="-1">
<or_exp><and_exp></and_exp></or_exp>
</condition>

<Node id="32" bw="32" op_0_bw="32" op_1_bw="32">
<![CDATA[
:0  %tmp_9 = sdiv i32 %a_read, %b_read

]]></Node>
<StgValue><ssdm name="tmp_9"/></StgValue>
</operation>
</state>

<state id="16" st_id="16">

<operation id="81" st_id="16" stage="21" lat="36">
<core>DivnS_SEQ</core>
<MemPortIdVec></MemPortIdVec>
<condition id="-1">
<or_exp><and_exp></and_exp></or_exp>
</condition>

<Node id="32" bw="32" op_0_bw="32" op_1_bw="32">
<![CDATA[
:0  %tmp_9 = sdiv i32 %a_read, %b_read

]]></Node>
<StgValue><ssdm name="tmp_9"/></StgValue>
</operation>
</state>

<state id="17" st_id="17">

<operation id="82" st_id="17" stage="20" lat="36">
<core>DivnS_SEQ</core>
<MemPortIdVec></MemPortIdVec>
<condition id="-1">
<or_exp><and_exp></and_exp></or_exp>
</condition>

<Node id="32" bw="32" op_0_bw="32" op_1_bw="32">
<![CDATA[
:0  %tmp_9 = sdiv i32 %a_read, %b_read

]]></Node>
<StgValue><ssdm name="tmp_9"/></StgValue>
</operation>
</state>

<state id="18" st_id="18">

<operation id="83" st_id="18" stage="19" lat="36">
<core>DivnS_SEQ</core>
<MemPortIdVec></MemPortIdVec>
<condition id="-1">
<or_exp><and_exp></and_exp></or_exp>
</condition>

<Node id="32" bw="32" op_0_bw="32" op_1_bw="32">
<![CDATA[
:0  %tmp_9 = sdiv i32 %a_read, %b_read

]]></Node>
<StgValue><ssdm name="tmp_9"/></StgValue>
</operation>
</state>

<state id="19" st_id="19">

<operation id="84" st_id="19" stage="18" lat="36">
<core>DivnS_SEQ</core>
<MemPortIdVec></MemPortIdVec>
<condition id="-1">
<or_exp><and_exp></and_exp></or_exp>
</condition>

<Node id="32" bw="32" op_0_bw="32" op_1_bw="32">
<![CDATA[
:0  %tmp_9 = sdiv i32 %a_read, %b_read

]]></Node>
<StgValue><ssdm name="tmp_9"/></StgValue>
</operation>
</state>

<state id="20" st_id="20">

<operation id="85" st_id="20" stage="17" lat="36">
<core>DivnS_SEQ</core>
<MemPortIdVec></MemPortIdVec>
<condition id="-1">
<or_exp><and_exp></and_exp></or_exp>
</condition>

<Node id="32" bw="32" op_0_bw="32" op_1_bw="32">
<![CDATA[
:0  %tmp_9 = sdiv i32 %a_read, %b_read

]]></Node>
<StgValue><ssdm name="tmp_9"/></StgValue>
</operation>
</state>

<state id="21" st_id="21">

<operation id="86" st_id="21" stage="16" lat="36">
<core>DivnS_SEQ</core>
<MemPortIdVec></MemPortIdVec>
<condition id="-1">
<or_exp><and_exp></and_exp></or_exp>
</condition>

<Node id="32" bw="32" op_0_bw="32" op_1_bw="32">
<![CDATA[
:0  %tmp_9 = sdiv i32 %a_read, %b_read

]]></Node>
<StgValue><ssdm name="tmp_9"/></StgValue>
</operation>
</state>

<state id="22" st_id="22">

<operation id="87" st_id="22" stage="15" lat="36">
<core>DivnS_SEQ</core>
<MemPortIdVec></MemPortIdVec>
<condition id="-1">
<or_exp><and_exp></and_exp></or_exp>
</condition>

<Node id="32" bw="32" op_0_bw="32" op_1_bw="32">
<![CDATA[
:0  %tmp_9 = sdiv i32 %a_read, %b_read

]]></Node>
<StgValue><ssdm name="tmp_9"/></StgValue>
</operation>
</state>

<state id="23" st_id="23">

<operation id="88" st_id="23" stage="14" lat="36">
<core>DivnS_SEQ</core>
<MemPortIdVec></MemPortIdVec>
<condition id="-1">
<or_exp><and_exp></and_exp></or_exp>
</condition>

<Node id="32" bw="32" op_0_bw="32" op_1_bw="32">
<![CDATA[
:0  %tmp_9 = sdiv i32 %a_read, %b_read

]]></Node>
<StgValue><ssdm name="tmp_9"/></StgValue>
</operation>
</state>

<state id="24" st_id="24">

<operation id="89" st_id="24" stage="13" lat="36">
<core>DivnS_SEQ</core>
<MemPortIdVec></MemPortIdVec>
<condition id="-1">
<or_exp><and_exp></and_exp></or_exp>
</condition>

<Node id="32" bw="32" op_0_bw="32" op_1_bw="32">
<![CDATA[
:0  %tmp_9 = sdiv i32 %a_read, %b_read

]]></Node>
<StgValue><ssdm name="tmp_9"/></StgValue>
</operation>
</state>

<state id="25" st_id="25">

<operation id="90" st_id="25" stage="12" lat="36">
<core>DivnS_SEQ</core>
<MemPortIdVec></MemPortIdVec>
<condition id="-1">
<or_exp><and_exp></and_exp></or_exp>
</condition>

<Node id="32" bw="32" op_0_bw="32" op_1_bw="32">
<![CDATA[
:0  %tmp_9 = sdiv i32 %a_read, %b_read

]]></Node>
<StgValue><ssdm name="tmp_9"/></StgValue>
</operation>
</state>

<state id="26" st_id="26">

<operation id="91" st_id="26" stage="11" lat="36">
<core>DivnS_SEQ</core>
<MemPortIdVec></MemPortIdVec>
<condition id="-1">
<or_exp><and_exp></and_exp></or_exp>
</condition>

<Node id="32" bw="32" op_0_bw="32" op_1_bw="32">
<![CDATA[
:0  %tmp_9 = sdiv i32 %a_read, %b_read

]]></Node>
<StgValue><ssdm name="tmp_9"/></StgValue>
</operation>
</state>

<state id="27" st_id="27">

<operation id="92" st_id="27" stage="10" lat="36">
<core>DivnS_SEQ</core>
<MemPortIdVec></MemPortIdVec>
<condition id="-1">
<or_exp><and_exp></and_exp></or_exp>
</condition>

<Node id="32" bw="32" op_0_bw="32" op_1_bw="32">
<![CDATA[
:0  %tmp_9 = sdiv i32 %a_read, %b_read

]]></Node>
<StgValue><ssdm name="tmp_9"/></StgValue>
</operation>
</state>

<state id="28" st_id="28">

<operation id="93" st_id="28" stage="9" lat="36">
<core>DivnS_SEQ</core>
<MemPortIdVec></MemPortIdVec>
<condition id="-1">
<or_exp><and_exp></and_exp></or_exp>
</condition>

<Node id="32" bw="32" op_0_bw="32" op_1_bw="32">
<![CDATA[
:0  %tmp_9 = sdiv i32 %a_read, %b_read

]]></Node>
<StgValue><ssdm name="tmp_9"/></StgValue>
</operation>
</state>

<state id="29" st_id="29">

<operation id="94" st_id="29" stage="8" lat="36">
<core>DivnS_SEQ</core>
<MemPortIdVec></MemPortIdVec>
<condition id="-1">
<or_exp><and_exp></and_exp></or_exp>
</condition>

<Node id="32" bw="32" op_0_bw="32" op_1_bw="32">
<![CDATA[
:0  %tmp_9 = sdiv i32 %a_read, %b_read

]]></Node>
<StgValue><ssdm name="tmp_9"/></StgValue>
</operation>
</state>

<state id="30" st_id="30">

<operation id="95" st_id="30" stage="7" lat="36">
<core>DivnS_SEQ</core>
<MemPortIdVec></MemPortIdVec>
<condition id="-1">
<or_exp><and_exp></and_exp></or_exp>
</condition>

<Node id="32" bw="32" op_0_bw="32" op_1_bw="32">
<![CDATA[
:0  %tmp_9 = sdiv i32 %a_read, %b_read

]]></Node>
<StgValue><ssdm name="tmp_9"/></StgValue>
</operation>
</state>

<state id="31" st_id="31">

<operation id="96" st_id="31" stage="6" lat="36">
<core>DivnS_SEQ</core>
<MemPortIdVec></MemPortIdVec>
<condition id="-1">
<or_exp><and_exp></and_exp></or_exp>
</condition>

<Node id="32" bw="32" op_0_bw="32" op_1_bw="32">
<![CDATA[
:0  %tmp_9 = sdiv i32 %a_read, %b_read

]]></Node>
<StgValue><ssdm name="tmp_9"/></StgValue>
</operation>
</state>

<state id="32" st_id="32">

<operation id="97" st_id="32" stage="5" lat="36">
<core>DivnS_SEQ</core>
<MemPortIdVec></MemPortIdVec>
<condition id="-1">
<or_exp><and_exp></and_exp></or_exp>
</condition>

<Node id="32" bw="32" op_0_bw="32" op_1_bw="32">
<![CDATA[
:0  %tmp_9 = sdiv i32 %a_read, %b_read

]]></Node>
<StgValue><ssdm name="tmp_9"/></StgValue>
</operation>
</state>

<state id="33" st_id="33">

<operation id="98" st_id="33" stage="4" lat="36">
<core>DivnS_SEQ</core>
<MemPortIdVec></MemPortIdVec>
<condition id="-1">
<or_exp><and_exp></and_exp></or_exp>
</condition>

<Node id="32" bw="32" op_0_bw="32" op_1_bw="32">
<![CDATA[
:0  %tmp_9 = sdiv i32 %a_read, %b_read

]]></Node>
<StgValue><ssdm name="tmp_9"/></StgValue>
</operation>
</state>

<state id="34" st_id="34">

<operation id="99" st_id="34" stage="3" lat="36">
<core>DivnS_SEQ</core>
<MemPortIdVec></MemPortIdVec>
<condition id="-1">
<or_exp><and_exp></and_exp></or_exp>
</condition>

<Node id="32" bw="32" op_0_bw="32" op_1_bw="32">
<![CDATA[
:0  %tmp_9 = sdiv i32 %a_read, %b_read

]]></Node>
<StgValue><ssdm name="tmp_9"/></StgValue>
</operation>
</state>

<state id="35" st_id="35">

<operation id="100" st_id="35" stage="2" lat="36">
<core>DivnS_SEQ</core>
<MemPortIdVec></MemPortIdVec>
<condition id="-1">
<or_exp><and_exp></and_exp></or_exp>
</condition>

<Node id="32" bw="32" op_0_bw="32" op_1_bw="32">
<![CDATA[
:0  %tmp_9 = sdiv i32 %a_read, %b_read

]]></Node>
<StgValue><ssdm name="tmp_9"/></StgValue>
</operation>
</state>

<state id="36" st_id="36">

<operation id="101" st_id="36" stage="1" lat="36">
<core>DivnS_SEQ</core>
<MemPortIdVec></MemPortIdVec>
<condition id="-1">
<or_exp><and_exp><literal name="tmp_1" val="0"/>
<literal name="tmp_3" val="0"/>
<literal name="tmp_5" val="0"/>
<literal name="or_cond" val="1"/>
</and_exp></or_exp>
</condition>

<Node id="32" bw="32" op_0_bw="32" op_1_bw="32">
<![CDATA[
:0  %tmp_9 = sdiv i32 %a_read, %b_read

]]></Node>
<StgValue><ssdm name="tmp_9"/></StgValue>
</operation>

<operation id="102" st_id="36" stage="1" lat="1">
<core>NULL</core>
<MemPortIdVec></MemPortIdVec>
<condition id="-1">
<or_exp><and_exp><literal name="tmp_1" val="0"/>
<literal name="tmp_3" val="0"/>
<literal name="tmp_5" val="0"/>
<literal name="or_cond" val="1"/>
</and_exp></or_exp>
</condition>

<Node id="33" bw="0" op_0_bw="0">
<![CDATA[
:1  br label %._crit_edge

]]></Node>
<StgValue><ssdm name=""/></StgValue>
</operation>

<operation id="103" st_id="36" stage="1" lat="1">
<core>NULL</core>
<MemPortIdVec></MemPortIdVec>
<condition id="-1">
<or_exp><and_exp></and_exp></or_exp>
</condition>

<Node id="44" bw="32" op_0_bw="32" op_1_bw="0" op_2_bw="32" op_3_bw="0" op_4_bw="32">
<![CDATA[
._crit_edge:0  %storemerge4 = phi i32 [ %tmp_2, %1 ], [ %tmp_4, %3 ], [ %tmp_6, %5 ], [ %tmp_9, %7 ], [ 0, %6 ]

]]></Node>
<StgValue><ssdm name="storemerge4"/></StgValue>
</operation>

<operation id="104" st_id="36" stage="1" lat="1">
<core>s_axilite</core>
<MemPortIdVec></MemPortIdVec>
<condition id="-1">
<or_exp><and_exp></and_exp></or_exp>
</condition>

<Node id="45" bw="0" op_0_bw="0" op_1_bw="32" op_2_bw="32">
<![CDATA[
._crit_edge:1  call void @_ssdm_op_Write.s_axilite.i32P(i32* %c, i32 %storemerge4) nounwind

]]></Node>
<StgValue><ssdm name=""/></StgValue>
</operation>

<operation id="105" st_id="36" stage="1" lat="1">
<core>NULL</core>
<MemPortIdVec></MemPortIdVec>
<condition id="-1">
<or_exp><and_exp></and_exp></or_exp>
</condition>

<Node id="46" bw="0">
<![CDATA[
._crit_edge:2  ret void

]]></Node>
<StgValue><ssdm name=""/></StgValue>
</operation>
</state>

<state id="37" st_id="37">

<operation id="106" st_id="37" stage="1" lat="1">
<core>Mul</core>
<MemPortIdVec></MemPortIdVec>
<condition id="-1">
<or_exp><and_exp></and_exp></or_exp>
</condition>

<Node id="35" bw="32" op_0_bw="32" op_1_bw="32">
<![CDATA[
:0  %tmp_6 = mul nsw i32 %b_read, %a_read

]]></Node>
<StgValue><ssdm name="tmp_6"/></StgValue>
</operation>
</state>

<state id="38" st_id="38">

<operation id="107" st_id="38" stage="1" lat="1">
<core>NULL</core>
<MemPortIdVec></MemPortIdVec>
<condition id="-1">
<or_exp><and_exp></and_exp></or_exp>
</condition>

<Node id="36" bw="0" op_0_bw="0">
<![CDATA[
:1  br label %._crit_edge

]]></Node>
<StgValue><ssdm name=""/></StgValue>
</operation>
</state>
</state_list>


<ports>
<port id="150" name="a" dir="0" iftype="0">
<core>NULL</core><StgValue><ssdm name="a"/></StgValue>
</port>
<port id="151" name="b" dir="0" iftype="0">
<core>NULL</core><StgValue><ssdm name="b"/></StgValue>
</port>
<port id="152" name="o" dir="0" iftype="0">
<core>NULL</core><StgValue><ssdm name="o"/></StgValue>
</port>
<port id="153" name="c" dir="1" iftype="0">
<core>NULL</core><StgValue><ssdm name="c"/></StgValue>
</port>
</ports>


<dataflows>
<dataflow id="155" from="_ssdm_op_SpecBitsMap" to="StgValue_39" fromId="154" toId="39">
</dataflow>
<dataflow id="156" from="a" to="StgValue_39" fromId="150" toId="39">
</dataflow>
<dataflow id="157" from="_ssdm_op_SpecBitsMap" to="StgValue_40" fromId="154" toId="40">
</dataflow>
<dataflow id="158" from="b" to="StgValue_40" fromId="151" toId="40">
</dataflow>
<dataflow id="159" from="_ssdm_op_SpecBitsMap" to="StgValue_41" fromId="154" toId="41">
</dataflow>
<dataflow id="160" from="o" to="StgValue_41" fromId="152" toId="41">
</dataflow>
<dataflow id="161" from="_ssdm_op_SpecBitsMap" to="StgValue_42" fromId="154" toId="42">
</dataflow>
<dataflow id="162" from="c" to="StgValue_42" fromId="153" toId="42">
</dataflow>
<dataflow id="164" from="_ssdm_op_SpecTopModule" to="StgValue_43" fromId="163" toId="43">
</dataflow>
<dataflow id="166" from="calcola_str" to="StgValue_43" fromId="165" toId="43">
</dataflow>
<dataflow id="168" from="_ssdm_op_Read.s_axilite.i8" to="o_read" fromId="167" toId="44">
</dataflow>
<dataflow id="169" from="o" to="o_read" fromId="152" toId="44">
</dataflow>
<dataflow id="171" from="_ssdm_op_Read.s_axilite.i32" to="b_read" fromId="170" toId="45">
</dataflow>
<dataflow id="172" from="b" to="b_read" fromId="151" toId="45">
</dataflow>
<dataflow id="173" from="_ssdm_op_Read.s_axilite.i32" to="a_read" fromId="170" toId="46">
</dataflow>
<dataflow id="174" from="a" to="a_read" fromId="150" toId="46">
</dataflow>
<dataflow id="176" from="_ssdm_op_SpecInterface" to="StgValue_47" fromId="175" toId="47">
</dataflow>
<dataflow id="178" from="StgValue_177" to="StgValue_47" fromId="177" toId="47">
</dataflow>
<dataflow id="180" from="p_str" to="StgValue_47" fromId="179" toId="47">
</dataflow>
<dataflow id="181" from="StgValue_177" to="StgValue_47" fromId="177" toId="47">
</dataflow>
<dataflow id="182" from="StgValue_177" to="StgValue_47" fromId="177" toId="47">
</dataflow>
<dataflow id="184" from="p_str1" to="StgValue_47" fromId="183" toId="47">
</dataflow>
<dataflow id="185" from="StgValue_177" to="StgValue_47" fromId="177" toId="47">
</dataflow>
<dataflow id="186" from="StgValue_177" to="StgValue_47" fromId="177" toId="47">
</dataflow>
<dataflow id="187" from="p_str1" to="StgValue_47" fromId="183" toId="47">
</dataflow>
<dataflow id="188" from="p_str1" to="StgValue_47" fromId="183" toId="47">
</dataflow>
<dataflow id="189" from="p_str1" to="StgValue_47" fromId="183" toId="47">
</dataflow>
<dataflow id="190" from="StgValue_177" to="StgValue_47" fromId="177" toId="47">
</dataflow>
<dataflow id="191" from="StgValue_177" to="StgValue_47" fromId="177" toId="47">
</dataflow>
<dataflow id="192" from="StgValue_177" to="StgValue_47" fromId="177" toId="47">
</dataflow>
<dataflow id="193" from="StgValue_177" to="StgValue_47" fromId="177" toId="47">
</dataflow>
<dataflow id="194" from="p_str1" to="StgValue_47" fromId="183" toId="47">
</dataflow>
<dataflow id="195" from="p_str1" to="StgValue_47" fromId="183" toId="47">
</dataflow>
<dataflow id="196" from="_ssdm_op_SpecInterface" to="StgValue_48" fromId="175" toId="48">
</dataflow>
<dataflow id="197" from="a" to="StgValue_48" fromId="150" toId="48">
</dataflow>
<dataflow id="199" from="p_str2" to="StgValue_48" fromId="198" toId="48">
</dataflow>
<dataflow id="200" from="StgValue_177" to="StgValue_48" fromId="177" toId="48">
</dataflow>
<dataflow id="201" from="StgValue_177" to="StgValue_48" fromId="177" toId="48">
</dataflow>
<dataflow id="202" from="p_str1" to="StgValue_48" fromId="183" toId="48">
</dataflow>
<dataflow id="203" from="StgValue_177" to="StgValue_48" fromId="177" toId="48">
</dataflow>
<dataflow id="204" from="StgValue_177" to="StgValue_48" fromId="177" toId="48">
</dataflow>
<dataflow id="205" from="p_str1" to="StgValue_48" fromId="183" toId="48">
</dataflow>
<dataflow id="206" from="p_str1" to="StgValue_48" fromId="183" toId="48">
</dataflow>
<dataflow id="207" from="p_str1" to="StgValue_48" fromId="183" toId="48">
</dataflow>
<dataflow id="208" from="StgValue_177" to="StgValue_48" fromId="177" toId="48">
</dataflow>
<dataflow id="209" from="StgValue_177" to="StgValue_48" fromId="177" toId="48">
</dataflow>
<dataflow id="210" from="StgValue_177" to="StgValue_48" fromId="177" toId="48">
</dataflow>
<dataflow id="211" from="StgValue_177" to="StgValue_48" fromId="177" toId="48">
</dataflow>
<dataflow id="212" from="p_str1" to="StgValue_48" fromId="183" toId="48">
</dataflow>
<dataflow id="213" from="p_str1" to="StgValue_48" fromId="183" toId="48">
</dataflow>
<dataflow id="214" from="_ssdm_op_SpecInterface" to="StgValue_49" fromId="175" toId="49">
</dataflow>
<dataflow id="215" from="b" to="StgValue_49" fromId="151" toId="49">
</dataflow>
<dataflow id="216" from="p_str2" to="StgValue_49" fromId="198" toId="49">
</dataflow>
<dataflow id="217" from="StgValue_177" to="StgValue_49" fromId="177" toId="49">
</dataflow>
<dataflow id="218" from="StgValue_177" to="StgValue_49" fromId="177" toId="49">
</dataflow>
<dataflow id="219" from="p_str1" to="StgValue_49" fromId="183" toId="49">
</dataflow>
<dataflow id="220" from="StgValue_177" to="StgValue_49" fromId="177" toId="49">
</dataflow>
<dataflow id="221" from="StgValue_177" to="StgValue_49" fromId="177" toId="49">
</dataflow>
<dataflow id="222" from="p_str1" to="StgValue_49" fromId="183" toId="49">
</dataflow>
<dataflow id="223" from="p_str1" to="StgValue_49" fromId="183" toId="49">
</dataflow>
<dataflow id="224" from="p_str1" to="StgValue_49" fromId="183" toId="49">
</dataflow>
<dataflow id="225" from="StgValue_177" to="StgValue_49" fromId="177" toId="49">
</dataflow>
<dataflow id="226" from="StgValue_177" to="StgValue_49" fromId="177" toId="49">
</dataflow>
<dataflow id="227" from="StgValue_177" to="StgValue_49" fromId="177" toId="49">
</dataflow>
<dataflow id="228" from="StgValue_177" to="StgValue_49" fromId="177" toId="49">
</dataflow>
<dataflow id="229" from="p_str1" to="StgValue_49" fromId="183" toId="49">
</dataflow>
<dataflow id="230" from="p_str1" to="StgValue_49" fromId="183" toId="49">
</dataflow>
<dataflow id="231" from="_ssdm_op_SpecInterface" to="StgValue_50" fromId="175" toId="50">
</dataflow>
<dataflow id="232" from="o" to="StgValue_50" fromId="152" toId="50">
</dataflow>
<dataflow id="233" from="p_str2" to="StgValue_50" fromId="198" toId="50">
</dataflow>
<dataflow id="234" from="StgValue_177" to="StgValue_50" fromId="177" toId="50">
</dataflow>
<dataflow id="235" from="StgValue_177" to="StgValue_50" fromId="177" toId="50">
</dataflow>
<dataflow id="236" from="p_str1" to="StgValue_50" fromId="183" toId="50">
</dataflow>
<dataflow id="237" from="StgValue_177" to="StgValue_50" fromId="177" toId="50">
</dataflow>
<dataflow id="238" from="StgValue_177" to="StgValue_50" fromId="177" toId="50">
</dataflow>
<dataflow id="239" from="p_str1" to="StgValue_50" fromId="183" toId="50">
</dataflow>
<dataflow id="240" from="p_str1" to="StgValue_50" fromId="183" toId="50">
</dataflow>
<dataflow id="241" from="p_str1" to="StgValue_50" fromId="183" toId="50">
</dataflow>
<dataflow id="242" from="StgValue_177" to="StgValue_50" fromId="177" toId="50">
</dataflow>
<dataflow id="243" from="StgValue_177" to="StgValue_50" fromId="177" toId="50">
</dataflow>
<dataflow id="244" from="StgValue_177" to="StgValue_50" fromId="177" toId="50">
</dataflow>
<dataflow id="245" from="StgValue_177" to="StgValue_50" fromId="177" toId="50">
</dataflow>
<dataflow id="246" from="p_str1" to="StgValue_50" fromId="183" toId="50">
</dataflow>
<dataflow id="247" from="p_str1" to="StgValue_50" fromId="183" toId="50">
</dataflow>
<dataflow id="248" from="_ssdm_op_SpecInterface" to="StgValue_51" fromId="175" toId="51">
</dataflow>
<dataflow id="249" from="c" to="StgValue_51" fromId="153" toId="51">
</dataflow>
<dataflow id="250" from="p_str2" to="StgValue_51" fromId="198" toId="51">
</dataflow>
<dataflow id="251" from="StgValue_177" to="StgValue_51" fromId="177" toId="51">
</dataflow>
<dataflow id="252" from="StgValue_177" to="StgValue_51" fromId="177" toId="51">
</dataflow>
<dataflow id="253" from="p_str1" to="StgValue_51" fromId="183" toId="51">
</dataflow>
<dataflow id="254" from="StgValue_177" to="StgValue_51" fromId="177" toId="51">
</dataflow>
<dataflow id="255" from="StgValue_177" to="StgValue_51" fromId="177" toId="51">
</dataflow>
<dataflow id="256" from="p_str1" to="StgValue_51" fromId="183" toId="51">
</dataflow>
<dataflow id="257" from="p_str1" to="StgValue_51" fromId="183" toId="51">
</dataflow>
<dataflow id="258" from="p_str1" to="StgValue_51" fromId="183" toId="51">
</dataflow>
<dataflow id="259" from="StgValue_177" to="StgValue_51" fromId="177" toId="51">
</dataflow>
<dataflow id="260" from="StgValue_177" to="StgValue_51" fromId="177" toId="51">
</dataflow>
<dataflow id="261" from="StgValue_177" to="StgValue_51" fromId="177" toId="51">
</dataflow>
<dataflow id="262" from="StgValue_177" to="StgValue_51" fromId="177" toId="51">
</dataflow>
<dataflow id="263" from="p_str1" to="StgValue_51" fromId="183" toId="51">
</dataflow>
<dataflow id="264" from="p_str1" to="StgValue_51" fromId="183" toId="51">
</dataflow>
<dataflow id="265" from="o_read" to="tmp_1" fromId="44" toId="52">
</dataflow>
<dataflow id="267" from="StgValue_266" to="tmp_1" fromId="266" toId="52">
</dataflow>
<dataflow id="268" from="tmp_1" to="StgValue_53" fromId="52" toId="53">
</dataflow>
<dataflow id="269" from="o_read" to="tmp_3" fromId="44" toId="54">
</dataflow>
<dataflow id="271" from="StgValue_270" to="tmp_3" fromId="270" toId="54">
</dataflow>
<dataflow id="272" from="tmp_3" to="StgValue_55" fromId="54" toId="55">
</dataflow>
<dataflow id="273" from="o_read" to="tmp_5" fromId="44" toId="56">
</dataflow>
<dataflow id="275" from="StgValue_274" to="tmp_5" fromId="274" toId="56">
</dataflow>
<dataflow id="276" from="tmp_5" to="StgValue_57" fromId="56" toId="57">
</dataflow>
<dataflow id="277" from="o_read" to="tmp_7" fromId="44" toId="58">
</dataflow>
<dataflow id="279" from="StgValue_278" to="tmp_7" fromId="278" toId="58">
</dataflow>
<dataflow id="280" from="b_read" to="tmp_8" fromId="45" toId="59">
</dataflow>
<dataflow id="281" from="StgValue_177" to="tmp_8" fromId="177" toId="59">
</dataflow>
<dataflow id="282" from="tmp_7" to="or_cond" fromId="58" toId="60">
</dataflow>
<dataflow id="283" from="tmp_8" to="or_cond" fromId="59" toId="60">
</dataflow>
<dataflow id="284" from="or_cond" to="StgValue_61" fromId="60" toId="61">
</dataflow>
<dataflow id="285" from="a_read" to="tmp_9" fromId="46" toId="62">
</dataflow>
<dataflow id="286" from="b_read" to="tmp_9" fromId="45" toId="62">
</dataflow>
<dataflow id="287" from="a_read" to="tmp_4" fromId="46" toId="63">
</dataflow>
<dataflow id="288" from="b_read" to="tmp_4" fromId="45" toId="63">
</dataflow>
<dataflow id="289" from="b_read" to="tmp_2" fromId="45" toId="65">
</dataflow>
<dataflow id="290" from="a_read" to="tmp_2" fromId="46" toId="65">
</dataflow>
<dataflow id="291" from="a_read" to="tmp_9" fromId="46" toId="67">
</dataflow>
<dataflow id="292" from="b_read" to="tmp_9" fromId="45" toId="67">
</dataflow>
<dataflow id="293" from="a_read" to="tmp_9" fromId="46" toId="68">
</dataflow>
<dataflow id="294" from="b_read" to="tmp_9" fromId="45" toId="68">
</dataflow>
<dataflow id="295" from="a_read" to="tmp_9" fromId="46" toId="69">
</dataflow>
<dataflow id="296" from="b_read" to="tmp_9" fromId="45" toId="69">
</dataflow>
<dataflow id="297" from="a_read" to="tmp_9" fromId="46" toId="70">
</dataflow>
<dataflow id="298" from="b_read" to="tmp_9" fromId="45" toId="70">
</dataflow>
<dataflow id="299" from="a_read" to="tmp_9" fromId="46" toId="71">
</dataflow>
<dataflow id="300" from="b_read" to="tmp_9" fromId="45" toId="71">
</dataflow>
<dataflow id="301" from="a_read" to="tmp_9" fromId="46" toId="72">
</dataflow>
<dataflow id="302" from="b_read" to="tmp_9" fromId="45" toId="72">
</dataflow>
<dataflow id="303" from="a_read" to="tmp_9" fromId="46" toId="73">
</dataflow>
<dataflow id="304" from="b_read" to="tmp_9" fromId="45" toId="73">
</dataflow>
<dataflow id="305" from="a_read" to="tmp_9" fromId="46" toId="74">
</dataflow>
<dataflow id="306" from="b_read" to="tmp_9" fromId="45" toId="74">
</dataflow>
<dataflow id="307" from="a_read" to="tmp_9" fromId="46" toId="75">
</dataflow>
<dataflow id="308" from="b_read" to="tmp_9" fromId="45" toId="75">
</dataflow>
<dataflow id="309" from="a_read" to="tmp_9" fromId="46" toId="76">
</dataflow>
<dataflow id="310" from="b_read" to="tmp_9" fromId="45" toId="76">
</dataflow>
<dataflow id="311" from="a_read" to="tmp_9" fromId="46" toId="77">
</dataflow>
<dataflow id="312" from="b_read" to="tmp_9" fromId="45" toId="77">
</dataflow>
<dataflow id="313" from="a_read" to="tmp_9" fromId="46" toId="78">
</dataflow>
<dataflow id="314" from="b_read" to="tmp_9" fromId="45" toId="78">
</dataflow>
<dataflow id="315" from="a_read" to="tmp_9" fromId="46" toId="79">
</dataflow>
<dataflow id="316" from="b_read" to="tmp_9" fromId="45" toId="79">
</dataflow>
<dataflow id="317" from="a_read" to="tmp_9" fromId="46" toId="80">
</dataflow>
<dataflow id="318" from="b_read" to="tmp_9" fromId="45" toId="80">
</dataflow>
<dataflow id="319" from="a_read" to="tmp_9" fromId="46" toId="81">
</dataflow>
<dataflow id="320" from="b_read" to="tmp_9" fromId="45" toId="81">
</dataflow>
<dataflow id="321" from="a_read" to="tmp_9" fromId="46" toId="82">
</dataflow>
<dataflow id="322" from="b_read" to="tmp_9" fromId="45" toId="82">
</dataflow>
<dataflow id="323" from="a_read" to="tmp_9" fromId="46" toId="83">
</dataflow>
<dataflow id="324" from="b_read" to="tmp_9" fromId="45" toId="83">
</dataflow>
<dataflow id="325" from="a_read" to="tmp_9" fromId="46" toId="84">
</dataflow>
<dataflow id="326" from="b_read" to="tmp_9" fromId="45" toId="84">
</dataflow>
<dataflow id="327" from="a_read" to="tmp_9" fromId="46" toId="85">
</dataflow>
<dataflow id="328" from="b_read" to="tmp_9" fromId="45" toId="85">
</dataflow>
<dataflow id="329" from="a_read" to="tmp_9" fromId="46" toId="86">
</dataflow>
<dataflow id="330" from="b_read" to="tmp_9" fromId="45" toId="86">
</dataflow>
<dataflow id="331" from="a_read" to="tmp_9" fromId="46" toId="87">
</dataflow>
<dataflow id="332" from="b_read" to="tmp_9" fromId="45" toId="87">
</dataflow>
<dataflow id="333" from="a_read" to="tmp_9" fromId="46" toId="88">
</dataflow>
<dataflow id="334" from="b_read" to="tmp_9" fromId="45" toId="88">
</dataflow>
<dataflow id="335" from="a_read" to="tmp_9" fromId="46" toId="89">
</dataflow>
<dataflow id="336" from="b_read" to="tmp_9" fromId="45" toId="89">
</dataflow>
<dataflow id="337" from="a_read" to="tmp_9" fromId="46" toId="90">
</dataflow>
<dataflow id="338" from="b_read" to="tmp_9" fromId="45" toId="90">
</dataflow>
<dataflow id="339" from="a_read" to="tmp_9" fromId="46" toId="91">
</dataflow>
<dataflow id="340" from="b_read" to="tmp_9" fromId="45" toId="91">
</dataflow>
<dataflow id="341" from="a_read" to="tmp_9" fromId="46" toId="92">
</dataflow>
<dataflow id="342" from="b_read" to="tmp_9" fromId="45" toId="92">
</dataflow>
<dataflow id="343" from="a_read" to="tmp_9" fromId="46" toId="93">
</dataflow>
<dataflow id="344" from="b_read" to="tmp_9" fromId="45" toId="93">
</dataflow>
<dataflow id="345" from="a_read" to="tmp_9" fromId="46" toId="94">
</dataflow>
<dataflow id="346" from="b_read" to="tmp_9" fromId="45" toId="94">
</dataflow>
<dataflow id="347" from="a_read" to="tmp_9" fromId="46" toId="95">
</dataflow>
<dataflow id="348" from="b_read" to="tmp_9" fromId="45" toId="95">
</dataflow>
<dataflow id="349" from="a_read" to="tmp_9" fromId="46" toId="96">
</dataflow>
<dataflow id="350" from="b_read" to="tmp_9" fromId="45" toId="96">
</dataflow>
<dataflow id="351" from="a_read" to="tmp_9" fromId="46" toId="97">
</dataflow>
<dataflow id="352" from="b_read" to="tmp_9" fromId="45" toId="97">
</dataflow>
<dataflow id="353" from="a_read" to="tmp_9" fromId="46" toId="98">
</dataflow>
<dataflow id="354" from="b_read" to="tmp_9" fromId="45" toId="98">
</dataflow>
<dataflow id="355" from="a_read" to="tmp_9" fromId="46" toId="99">
</dataflow>
<dataflow id="356" from="b_read" to="tmp_9" fromId="45" toId="99">
</dataflow>
<dataflow id="357" from="a_read" to="tmp_9" fromId="46" toId="100">
</dataflow>
<dataflow id="358" from="b_read" to="tmp_9" fromId="45" toId="100">
</dataflow>
<dataflow id="359" from="a_read" to="tmp_9" fromId="46" toId="101">
</dataflow>
<dataflow id="360" from="b_read" to="tmp_9" fromId="45" toId="101">
</dataflow>
<dataflow id="361" from="tmp_2" to="storemerge4" fromId="65" toId="103">
<condition id="-1">
<or_exp><and_exp><literal name="tmp_1" val="1"/>
</and_exp></or_exp>
</condition>
</dataflow>
<dataflow id="362" from="StgValue_66" to="storemerge4" fromId="66" toId="103">
</dataflow>
<dataflow id="363" from="tmp_4" to="storemerge4" fromId="63" toId="103">
<condition id="-1">
<or_exp><and_exp><literal name="tmp_1" val="0"/>
<literal name="tmp_3" val="1"/>
</and_exp></or_exp>
</condition>
</dataflow>
<dataflow id="364" from="StgValue_64" to="storemerge4" fromId="64" toId="103">
</dataflow>
<dataflow id="365" from="tmp_6" to="storemerge4" fromId="106" toId="103">
<condition id="-1">
<or_exp><and_exp></and_exp></or_exp>
</condition>
</dataflow>
<dataflow id="366" from="StgValue_107" to="storemerge4" fromId="107" toId="103">
</dataflow>
<dataflow id="367" from="tmp_9" to="storemerge4" fromId="101" toId="103">
<condition id="-1">
<or_exp><and_exp><literal name="tmp_1" val="0"/>
<literal name="tmp_3" val="0"/>
<literal name="tmp_5" val="0"/>
<literal name="or_cond" val="1"/>
</and_exp></or_exp>
</condition>
</dataflow>
<dataflow id="368" from="StgValue_102" to="storemerge4" fromId="102" toId="103">
</dataflow>
<dataflow id="369" from="StgValue_177" to="storemerge4" fromId="177" toId="103">
<condition id="-1">
<or_exp><and_exp><literal name="tmp_1" val="0"/>
<literal name="tmp_3" val="0"/>
<literal name="tmp_5" val="0"/>
<literal name="or_cond" val="0"/>
</and_exp></or_exp>
</condition>
</dataflow>
<dataflow id="370" from="StgValue_61" to="storemerge4" fromId="61" toId="103">
</dataflow>
<dataflow id="372" from="_ssdm_op_Write.s_axilite.i32P" to="StgValue_104" fromId="371" toId="104">
</dataflow>
<dataflow id="373" from="c" to="StgValue_104" fromId="153" toId="104">
</dataflow>
<dataflow id="374" from="storemerge4" to="StgValue_104" fromId="103" toId="104">
</dataflow>
<dataflow id="375" from="b_read" to="tmp_6" fromId="45" toId="106">
</dataflow>
<dataflow id="376" from="a_read" to="tmp_6" fromId="46" toId="106">
</dataflow>
<dataflow id="377" from="tmp_1" to="StgValue_1" fromId="52" toId="1">
</dataflow>
<dataflow id="378" from="tmp_3" to="StgValue_1" fromId="54" toId="1">
</dataflow>
<dataflow id="379" from="tmp_5" to="StgValue_1" fromId="56" toId="1">
</dataflow>
<dataflow id="380" from="or_cond" to="StgValue_1" fromId="60" toId="1">
</dataflow>
<dataflow id="381" from="tmp_1" to="StgValue_36" fromId="52" toId="36">
</dataflow>
<dataflow id="382" from="tmp_3" to="StgValue_36" fromId="54" toId="36">
</dataflow>
<dataflow id="383" from="tmp_5" to="StgValue_36" fromId="56" toId="36">
</dataflow>
<dataflow id="384" from="or_cond" to="StgValue_36" fromId="60" toId="36">
</dataflow>
</dataflows>


</stg>
